{"cameraMode":{"drawMode":0,"name":"Shaded","section":"Shading Mode"},"sceneLighting":true,"audioPlay":false,"sceneViewState":{"m_AlwaysRefresh":false,"showFog":true,"showSkybox":true,"showFlares":true,"showImageEffects":true,"showParticleSystems":true,"showVisualEffectGraphs":true,"m_FxEnabled":true},"in2DMode":false,"pivot":{"x":-13.619704246520996,"y":-75.96762084960938,"z":239.52244567871095},"rotation":{"x":0.27554771304130556,"y":-0.031720735132694247,"z":0.009093676693737507,"w":0.960740327835083},"size":118.01959228515625,"orthographic":false}