{"cameraMode":{"drawMode":0,"name":"Shaded","section":"Shading Mode"},"sceneLighting":true,"audioPlay":false,"sceneViewState":{"m_AlwaysRefresh":false,"showFog":true,"showSkybox":true,"showFlares":true,"showImageEffects":true,"showParticleSystems":true,"showVisualEffectGraphs":true,"m_FxEnabled":true},"in2DMode":false,"pivot":{"x":1105.593017578125,"y":1318.453857421875,"z":232.846923828125},"rotation":{"x":0.02430611103773117,"y":-0.010187787003815174,"z":0.00024713246966712177,"w":0.9996590614318848},"size":1722.1519775390625,"orthographic":false}