{"cameraMode":{"drawMode":0,"name":"Shaded","section":"Shading Mode"},"sceneLighting":true,"audioPlay":false,"sceneViewState":{"m_AlwaysRefresh":false,"showFog":true,"showSkybox":true,"showFlares":true,"showImageEffects":true,"showParticleSystems":true,"showVisualEffectGraphs":true,"m_FxEnabled":true},"in2DMode":false,"pivot":{"x":-5.221871376037598,"y":14.326828002929688,"z":52.92424774169922},"rotation":{"x":0.22870416939258576,"y":0.12834082543849946,"z":-0.03042573481798172,"w":0.9645485281944275},"size":2.9208641052246095,"orthographic":false}