{"cameraMode":{"drawMode":0,"name":"Shaded","section":"Shading Mode"},"sceneLighting":true,"audioPlay":false,"sceneViewState":{"m_AlwaysRefresh":false,"showFog":true,"showSkybox":true,"showFlares":true,"showImageEffects":true,"showParticleSystems":true,"showVisualEffectGraphs":true,"m_FxEnabled":true},"in2DMode":false,"pivot":{"x":378.7997131347656,"y":214.1132354736328,"z":68.07747650146485},"rotation":{"x":-0.005094113294035196,"y":0.07494485378265381,"z":-0.00039587102946825325,"w":-0.9972184300422669},"size":330.2242736816406,"orthographic":false}