{"cameraMode":{"drawMode":0,"name":"Shaded","section":"Shading Mode"},"sceneLighting":true,"audioPlay":false,"sceneViewState":{"m_AlwaysRefresh":false,"showFog":true,"showSkybox":true,"showFlares":true,"showImageEffects":true,"showParticleSystems":true,"showVisualEffectGraphs":true,"m_FxEnabled":true},"in2DMode":false,"pivot":{"x":60.13300323486328,"y":38.96611785888672,"z":-149.96725463867188},"rotation":{"x":-0.08937737345695496,"y":0.13315153121948243,"z":-0.012057493440806866,"w":-0.9869855046272278},"size":-4.297217845916748,"orthographic":false}