{"cameraMode":{"drawMode":0,"name":"Shaded","section":"Shading Mode"},"sceneLighting":true,"audioPlay":false,"sceneViewState":{"m_AlwaysRefresh":false,"showFog":true,"showSkybox":true,"showFlares":true,"showImageEffects":true,"showParticleSystems":true,"showVisualEffectGraphs":true,"m_FxEnabled":true},"in2DMode":false,"pivot":{"x":19.471588134765626,"y":51.38822555541992,"z":49.80506134033203},"rotation":{"x":0.0028584033716470005,"y":0.9961017370223999,"z":0.034979358315467837,"w":-0.08143626153469086},"size":34.83962631225586,"orthographic":false}