{"cameraMode":{"drawMode":0,"name":"Shaded","section":"Shading Mode"},"sceneLighting":true,"audioPlay":false,"sceneViewState":{"m_AlwaysRefresh":false,"showFog":true,"showSkybox":true,"showFlares":true,"showImageEffects":true,"showParticleSystems":true,"showVisualEffectGraphs":true,"m_FxEnabled":true},"in2DMode":false,"pivot":{"x":9.75542163848877,"y":45.591758728027347,"z":3.559361457824707},"rotation":{"x":0.10119093954563141,"y":-0.027168987318873407,"z":0.0028001994360238315,"w":0.9945189356803894},"size":145.71987915039063,"orthographic":false}