{"cameraMode":{"drawMode":0,"name":"Shaded","section":"Shading Mode"},"sceneLighting":true,"audioPlay":false,"sceneViewState":{"m_AlwaysRefresh":false,"showFog":true,"showSkybox":true,"showFlares":true,"showImageEffects":true,"showParticleSystems":true,"showVisualEffectGraphs":true,"m_FxEnabled":true},"in2DMode":false,"pivot":{"x":386.09051513671877,"y":31.29524040222168,"z":25.706552505493165},"rotation":{"x":0.06614137440919876,"y":0.06014224514365196,"z":-0.003993098624050617,"w":0.9959968328475952},"size":221.78346252441407,"orthographic":false}