{"cameraMode":{"drawMode":0,"name":"Shaded","section":"Shading Mode"},"sceneLighting":true,"audioPlay":false,"sceneViewState":{"m_AlwaysRefresh":false,"showFog":true,"showSkybox":true,"showFlares":true,"showImageEffects":true,"showParticleSystems":true,"showVisualEffectGraphs":true,"m_FxEnabled":true},"in2DMode":false,"pivot":{"x":868.5181274414063,"y":643.0567626953125,"z":0.949554443359375},"rotation":{"x":0.04797537252306938,"y":0.02667773887515068,"z":-0.0012738112127408386,"w":0.9985139966011047},"size":631.6676025390625,"orthographic":false}