{"cameraMode":{"drawMode":0,"name":"Shaded","section":"Shading Mode"},"sceneLighting":true,"audioPlay":false,"sceneViewState":{"m_AlwaysRefresh":false,"showFog":true,"showSkybox":true,"showFlares":true,"showImageEffects":true,"showParticleSystems":true,"showVisualEffectGraphs":true,"m_FxEnabled":true},"in2DMode":false,"pivot":{"x":-1.5582834482192994,"y":0.9768843054771423,"z":-1.3949055671691895},"rotation":{"x":0.07282349467277527,"y":-0.02514813467860222,"z":0.0018499513389542699,"w":0.9970477223396301},"size":4.466025352478027,"orthographic":false}