{"cameraMode":{"drawMode":0,"name":"Shaded","section":"Shading Mode"},"sceneLighting":true,"audioPlay":false,"sceneViewState":{"m_AlwaysRefresh":false,"showFog":true,"showSkybox":true,"showFlares":true,"showImageEffects":true,"showParticleSystems":true,"showVisualEffectGraphs":true,"m_FxEnabled":true},"in2DMode":false,"pivot":{"x":4.491033554077148,"y":8.003644943237305,"z":2.9367449283599855},"rotation":{"x":0.10199327766895294,"y":0.8728638291358948,"z":-0.20695146918296815,"w":0.4300627112388611},"size":3.6437695026397707,"orthographic":false}