{"cameraMode":{"drawMode":0,"name":"Shaded","section":"Shading Mode"},"sceneLighting":true,"audioPlay":false,"sceneViewState":{"m_AlwaysRefresh":false,"showFog":true,"showSkybox":true,"showFlares":true,"showImageEffects":true,"showParticleSystems":true,"showVisualEffectGraphs":true,"m_FxEnabled":true},"in2DMode":false,"pivot":{"x":321.3993225097656,"y":109.65765380859375,"z":2.1492767333984377},"rotation":{"x":0.005686928052455187,"y":-0.04289586469531059,"z":-0.0002671427500899881,"w":-0.9991203546524048},"size":367.2911376953125,"orthographic":false}