{"cameraMode":{"drawMode":0,"name":"Shaded","section":"Shading Mode"},"sceneLighting":true,"audioPlay":false,"sceneViewState":{"m_AlwaysRefresh":false,"showFog":true,"showSkybox":true,"showFlares":true,"showImageEffects":true,"showParticleSystems":true,"showVisualEffectGraphs":true,"m_FxEnabled":true},"in2DMode":false,"pivot":{"x":15.58614444732666,"y":5.319707870483398,"z":40.22216033935547},"rotation":{"x":-0.006306041032075882,"y":0.015907123684883119,"z":-0.0001426305971108377,"w":-0.999907910823822},"size":32.926456451416019,"orthographic":false}