{"cameraMode":{"drawMode":0,"name":"Shaded","section":"Shading Mode"},"sceneLighting":true,"audioPlay":false,"sceneViewState":{"m_AlwaysRefresh":false,"showFog":true,"showSkybox":true,"showFlares":true,"showImageEffects":true,"showParticleSystems":true,"showVisualEffectGraphs":true,"m_FxEnabled":true},"in2DMode":false,"pivot":{"x":12.402600288391114,"y":-0.989046573638916,"z":40.814369201660159},"rotation":{"x":0.021288251504302026,"y":0.04288952425122261,"z":-0.0009092728141695261,"w":0.9988827705383301},"size":45.45576095581055,"orthographic":false}