{"cameraMode":{"drawMode":0,"name":"Shaded","section":"Shading Mode"},"sceneLighting":true,"audioPlay":false,"sceneViewState":{"m_AlwaysRefresh":false,"showFog":true,"showSkybox":true,"showFlares":true,"showImageEffects":true,"showParticleSystems":true,"showVisualEffectGraphs":true,"m_FxEnabled":true},"in2DMode":false,"pivot":{"x":-3.71516489982605,"y":0.6207863092422485,"z":20.237239837646486},"rotation":{"x":-0.021307196468114854,"y":0.004495262634009123,"z":-0.00011552980140550062,"w":-0.9997935891151428},"size":15.264573097229004,"orthographic":false}