{"cameraMode":{"drawMode":0,"name":"Shaded","section":"Shading Mode"},"sceneLighting":true,"audioPlay":false,"sceneViewState":{"m_AlwaysRefresh":false,"showFog":true,"showSkybox":true,"showFlares":true,"showImageEffects":true,"showParticleSystems":true,"showVisualEffectGraphs":true,"m_FxEnabled":true},"in2DMode":false,"pivot":{"x":371.8069152832031,"y":278.0278625488281,"z":172.68978881835938},"rotation":{"x":-0.0018085991032421589,"y":-0.03239711374044418,"z":0.00006038207357050851,"w":-0.9994856119155884},"size":285.4765930175781,"orthographic":false}