{"cameraMode":{"drawMode":0,"name":"Shaded","section":"Shading Mode"},"sceneLighting":true,"audioPlay":false,"sceneViewState":{"m_AlwaysRefresh":false,"showFog":true,"showSkybox":true,"showFlares":true,"showImageEffects":true,"showParticleSystems":true,"showVisualEffectGraphs":true,"m_FxEnabled":true},"in2DMode":false,"pivot":{"x":819.0550537109375,"y":170.60528564453126,"z":143.27920532226563},"rotation":{"x":-0.0018085991032421589,"y":-0.03239711374044418,"z":0.00006038207357050851,"w":-0.9994856119155884},"size":823.8933715820313,"orthographic":false}